<?xml version="1.0" encoding="utf-8"?>
<nativewebconfig>
    <!-- 离线web模版的配置 -->
    <!-- 版本信息 年+月+日+子版本信息(01) -->
    <version>19070503</version>
    <!-- 离线web模版支持的模版id列表 -->
    <templateidlist>
        <!-- 离线web模版支持的模版id项 -->
		<templateid>10001</templateid>
		<templateid>10002</templateid>
		<templateid>30002</templateid>
		<templateid>20002</templateid>
		<templateid>50002</templateid>
        <templateid>40001</templateid>
		<templateid>20004</templateid>
		<templateid>20003</templateid>
		<templateid>20001</templateid>
		<templateid>1</templateid>
    </templateidlist>
    <!-- 内部离线web模版的离线资源目录 -->
    <innertemplatepath>innerpath</innertemplatepath>
    <!-- 使用内部离线web模版的模版资源id,list，这个列表中的模版资源id使用离线资源时会映射加载innertemplatepath目录下的离线资源 -->
    <innertemplateidlist>
		<innertemplateid>10001</innertemplateid>
		<innertemplateid>10002</innertemplateid>
		<innertemplateid>30002</innertemplateid>
		<innertemplateid>20002</innertemplateid>
		<innertemplateid>50002</innertemplateid>
        <innertemplateid>40001</innertemplateid>
		<innertemplateid>20004</innertemplateid>
		<innertemplateid>20003</innertemplateid>
		<innertemplateid>20001</innertemplateid>
		<innertemplateid>1</innertemplateid>
    </innertemplateidlist>
	<!-- 预加载使用的链接 -->
	<preloadurl>https://3gimg.qq.com/trom_s/dingdang/sdk/templates/templates.html?_tid=</preloadurl>
	<!-- 需要单独的窗口显示的模版id列表 （例如音频宫格，列表模版）-->
	<singletasklist>
	</singletasklist>
</nativewebconfig>
